[
  {
    "date": "07/01/2023",
    "total": 360,
    "products": [
        {
          "id": 1,
          "name": "Kindle Paperwhite",
          "brand": "Amazon",
          "price": 130,
          "quantity": 2
        },
        {
          "id": 2,
          "name": "Echo Dot",
          "brand": "Amazon",
          "price": 50,
          "quantity": 2
        }
    ]
  },
  {
    "date": "05/01/2023",
    "total": 260,
    "products": [
      {
        "id": 1,
        "name": "Kindle Paperwhite",
        "brand": "Amazon",
        "price": 130,
        "quantity": 2
      }
    ]
  },

  {
    "date": "02/01/2023",
    "total": 240,
    "products": [
      {
        "id": 9,
        "name": "Fujifilm INSTAX Mini 9",
        "brand": "Fujifilm",
        "price": 70,
        "quantity": 2
      },
      {
        "id": 2,
        "name": "Echo Dot",
        "brand": "Amazon",
        "price": 50,
        "quantity": 2
      }
    ]
  }
]