[
    {
      "id": 1,
      "name": "Kindle Paperwhite",
      "brand": "Amazon",
      "price": 129.99,
      "category": "E-reader",
      "description": "The all-new Kindle Paperwhite features a sleek, waterproof design, high-resolution display, and weeks of battery life."
    },
    {
      "id": 2,
      "name": "Echo Dot",
      "brand": "Amazon",
      "price": 49.99,
      "category": "Smart speaker",
      "description": "The Echo Dot is a voice-controlled smart speaker with Alexa, perfect for any room."
    },
    {
      "id": 3,
      "name": "Fire TV Stick",
      "brand": "Amazon",
      "price": 39.99,
      "category": "Streaming device",
      "description": "The Fire TV Stick lets you stream all your favorite shows and movies from Amazon Prime, Netflix, Hulu, and more."
    },
    {
      "id": 4,
      "name": "Instant Pot DUO60",
      "brand": "Instant Pot",
      "price": 79.95,
      "category": "Pressure cooker",
      "description": "The Instant Pot DUO60 is a 7-in-1 pressure cooker that can also be used as a slow cooker, rice cooker, and more."
    },
    {
      "id": 5,
      "name": "LifeStraw Personal Water Filter",
      "brand": "LifeStraw",
      "price": 14.97,
      "category": "Water filter",
      "description": "The LifeStraw is a portable water filter that removes 99.9999% of waterborne bacteria and parasites."
    },
    {
      "id": 6,
      "name": "Anker PowerCore 10000",
      "brand": "Anker",
      "price": 25.99,
      "category": "Portable charger",
      "description": "The Anker PowerCore 10000 is a compact and lightweight portable charger with enough power to keep your devices charged on the go."
    },
    {
      "id": 7,
      "name": "Bose QuietComfort 35 II",
      "brand": "Bose",
      "price": 349.00,
      "category": "Noise cancelling headphones",
      "description": "The Bose QuietComfort 35 II is a pair of noise cancelling headphones with a comfortable and secure fit."
    },
    {
      "id": 8,
      "name": "Tile Mate",
      "brand": "Tile",
      "price": 24.99,
      "category": "Tracking device",
      "description": "The Tile Mate is a small and versatile tracking device that helps you find your lost items."
    },
    {
      "id": 9,
      "name": "Fujifilm INSTAX Mini 9",
      "brand": "Fujifilm",
      "price": 69.99,
      "category": "Instant camera",
      "description": "Produce instant credit card size photos."
    }
  ]
